Date/Time,LIVING ZONE:Zone Air Temperature [C](TimeStep:REPORTSCH),LIVING ZONE:Zone Air System Sensible Heating Energy [J](TimeStep:REPORTSCH),LIVING ZONE:Zone Air System Sensible Cooling Energy [J](TimeStep:REPORTSCH),LIVING ZONE:Zone Thermostat Heating Setpoint Temperature [C](TimeStep:REPORTSCH),LIVING ZONE:Zone Thermostat Cooling Setpoint Temperature [C](TimeStep:REPORTSCH),GARAGE ZONE:Zone Air Temperature [C](TimeStep:REPORTSCH),GARAGE ZONE:Zone Air System Sensible Heating Energy [J](TimeStep:REPORTSCH),GARAGE ZONE:Zone Air System Sensible Cooling Energy [J](TimeStep:REPORTSCH),GARAGE ZONE:Zone Thermostat Heating Setpoint Temperature [C](TimeStep:REPORTSCH),GARAGE ZONE:Zone Thermostat Cooling Setpoint Temperature [C](TimeStep:REPORTSCH),ATTIC ZONE:Zone Air Temperature [C](TimeStep:REPORTSCH),ATTIC ZONE:Zone Air System Sensible Heating Energy [J](TimeStep:REPORTSCH),ATTIC ZONE:Zone Air System Sensible Cooling Energy [J](TimeStep:REPORTSCH),ATTIC ZONE:Zone Thermostat Heating Setpoint Temperature [C](TimeStep:REPORTSCH),ATTIC ZONE:Zone Thermostat Cooling Setpoint Temperature [C](TimeStep:REPORTSCH),ACDXCOIL 1:Cooling Coil Total Cooling Energy [J](TimeStep:REPORTSCH),HEAT PUMP DX HEATING COIL 1:Heating Coil Heating Energy [J](TimeStep:REPORTSCH),SUPP HEATING COIL 1:Heating Coil Heating Energy [J](TimeStep:REPORTSCH),TWOSPEED HEAT PUMP 1:Unitary System DX Coil Cycling Ratio [](TimeStep:REPORTSCH),TWOSPEED HEAT PUMP 1:Unitary System DX Coil Speed Ratio [](TimeStep:REPORTSCH),TWOSPEED HEAT PUMP 1:Unitary System DX Coil Speed Level [](TimeStep:REPORTSCH) 
 01/21  00:10:00,27.767766477043892,9889526.968608864,0.0,27.81,31.62,-0.29292867859202737,0.0,0.0,0.0,0.0,-1.2352109384813028,0.0,0.0,0.0,0.0,0.0,4868313.262992537,4878754.315384126,1.0,1.0,2.0 
 01/21  00:20:00,26.600201387924436,7730275.554728613,0.0,26.476666666666667,31.619999999999997,-0.3002833453161864,0.0,0.0,0.0,0.0,-1.2248099919933038,0.0,0.0,0.0,0.0,0.0,2958206.158195645,4713045.185922681,0.6519807479385484,0.5,1.1666666666666665 
 01/21  00:30:00,27.750352794494447,9913857.823254034,0.0,27.809999999999988,31.619999999999987,-0.3090329898980594,0.0,0.0,0.0,0.0,-1.2241372919957898,0.0,0.0,0.0,0.0,0.0,4836239.217036447,5035370.377924047,0.9999999999999996,0.9999999999999996,1.9999999999999991 
 01/21  00:40:00,26.660754784099712,6723273.910691804,0.0,26.609999999999992,31.619999999999994,-0.3189490920421962,0.0,0.0,0.0,0.0,-1.2352552094420017,0.0,0.0,0.0,0.0,0.0,2819709.898541153,3928621.789256459,0.5999999999999996,0.5460612350348372,1.1999999999999993 
 01/21  00:50:00,27.088278372882268,9052741.02845399,0.0,27.143333333333352,31.620000000000026,-0.33043763241341817,0.0,0.0,0.0,0.0,-1.257681731791953,0.0,0.0,0.0,0.0,0.0,4804160.325946547,4190332.720408427,1.0000000000000009,1.0000000000000009,2.0000000000000018 
 01/21  01:00:00,27.148275272122063,7382179.429585561,0.0,27.143333333333352,31.620000000000026,-0.3469194239222905,0.0,0.0,0.0,0.0,-1.2982791578864967,0.0,0.0,0.0,0.0,0.0,3806468.3576976284,3344577.4698395226,0.8445133222296412,0.6666666666666672,1.6666666666666679 
 01/21  01:10:00,27.360406590745203,8941526.72258501,0.0,27.81,31.62,-0.362989305531956,0.0,0.0,0.0,0.0,-1.343005179240562,0.0,0.0,0.0,0.0,0.0,4788119.063133324,4666265.386142849,1.0,1.0,2.0 
 01/21  01:20:00,27.767163839610014,9684988.656740565,0.0,27.81,31.62,-0.3761693072262836,0.0,0.0,0.0,0.0,-1.3761616940358536,0.0,0.0,0.0,0.0,0.0,4788119.063133324,4755804.268707859,1.0,1.0,2.0 
 01/21  01:30:00,26.656706593524973,6683964.428641019,0.0,26.61,31.620000000000005,-0.3881994923840066,0.0,0.0,0.0,0.0,-1.3979690482937217,0.0,0.0,0.0,0.0,0.0,2793884.838318657,3918593.8786248397,0.6000000000000001,0.540768319637439,1.2000000000000002 
 01/21  01:40:00,27.0880988895016,9101106.080996998,0.0,27.143333333333352,31.620000000000026,-0.40106723231863284,0.0,0.0,0.0,0.0,-1.414838948947188,0.0,0.0,0.0,0.0,0.0,4788119.063133321,4255524.977254867,1.0000000000000009,1.0000000000000009,2.0000000000000018 
 01/21  01:50:00,27.150644519541647,7526651.310465866,0.0,27.143333333333352,31.620000000000026,-0.4179515275490893,0.0,0.0,0.0,0.0,-1.4297003064402123,0.0,0.0,0.0,0.0,0.0,3847104.7213943317,3437151.6186983055,0.8562762958281156,0.6666666666666672,1.6666666666666679 
 01/21  02:00:00,27.36326405034901,9085894.825064007,0.0,27.81,31.62,-0.43263427777738916,0.0,0.0,0.0,0.0,-1.4362145321550757,0.0,0.0,0.0,0.0,0.0,4788119.06313332,4808471.022534283,1.0,1.0,2.0 
 01/21  02:10:00,27.767503785160997,9813668.190677408,0.0,27.81,31.62,-0.4329005613594674,0.0,0.0,0.0,0.0,-1.4281689106548432,0.0,0.0,0.0,0.0,0.0,4791832.25694884,4880050.807628877,1.0,1.0,2.0 
 01/21  02:20:00,26.600754189665153,7718185.9008610295,0.0,26.476666666666667,31.619999999999997,-0.4230057030208566,0.0,0.0,0.0,0.0,-1.4038334582386014,0.0,0.0,0.0,0.0,0.0,2928022.530991598,4730776.424122221,0.6531634776516864,0.5,1.1666666666666665 
 01/21  02:30:00,27.75043831756853,9972921.716693582,0.0,27.809999999999988,31.619999999999987,-0.4077560655208603,0.0,0.0,0.0,0.0,-1.363907481481262,0.0,0.0,0.0,0.0,0.0,4798917.651196239,5131789.989670999,0.9999999999999996,0.9999999999999996,1.9999999999999991 
 01/21  02:40:00,26.651886607736298,6814412.513205352,0.0,26.609999999999992,31.619999999999994,-0.38875201797933717,0.0,0.0,0.0,0.0,-1.3106965852762786,0.0,0.0,0.0,0.0,0.0,2839565.684418531,4001479.198451109,0.5999999999999996,0.5686241397554324,1.1999999999999993 
 01/21  02:50:00,27.087949288968517,9239825.407361796,0.0,27.143333333333352,31.620000000000026,-0.366020592566933,0.0,0.0,0.0,0.0,-1.2457124455624318,0.0,0.0,0.0,0.0,0.0,4805543.426249073,4377737.7067880435,1.0000000000000009,1.0000000000000009,2.0000000000000018 
 01/21  03:00:00,27.152479045068908,7653003.851231165,0.0,27.143333333333352,31.620000000000026,-0.3331326108039861,0.0,0.0,0.0,0.0,-1.153998493150491,0.0,0.0,0.0,0.0,0.0,3896378.279599463,3505510.9981024964,0.8652840151592722,0.6666666666666672,1.6666666666666679 
 01/21  03:10:00,27.36604845158519,9189172.763530867,0.0,27.81,31.62,-0.31084517306265663,0.0,0.0,0.0,0.0,-1.0720204165812925,0.0,0.0,0.0,0.0,0.0,4808507.052851447,4890123.865520802,1.0,1.0,2.0 
 01/21  03:20:00,27.767827409615393,9905022.36083806,0.0,27.81,31.62,-0.30255774056558854,0.0,0.0,0.0,0.0,-1.0177434908198593,0.0,0.0,0.0,0.0,0.0,4808331.962644291,4954207.45404867,1.0,1.0,2.0 
 01/21  03:30:00,26.59591575259366,7802111.429037986,0.0,26.476666666666684,31.620000000000022,-0.29974725358374815,0.0,0.0,0.0,0.0,-0.9812659657741138,0.0,0.0,0.0,0.0,0.0,2950774.2353854706,4793747.730699141,0.657249747357578,0.5000000000000004,1.1666666666666674 
 01/21  03:40:00,27.750234445203755,10058253.178103225,0.0,27.81000000000002,31.620000000000026,-0.297285845303199,0.0,0.0,0.0,0.0,-0.948308420383372,0.0,0.0,0.0,0.0,0.0,4807981.603635931,5208969.312529348,1.0000000000000009,1.0000000000000009,2.0000000000000018 
 01/21  03:50:00,26.645782999962734,6872214.85190312,0.0,26.61,31.620000000000005,-0.29555061576689606,0.0,0.0,0.0,0.0,-0.9221007091703852,0.0,0.0,0.0,0.0,0.0,2859979.983106004,4040003.619991298,0.6000000000000001,0.5814459446898469,1.2000000000000002 
 01/21  04:00:00,27.08764813736547,9314699.57829169,0.0,27.143333333333352,31.620000000000026,-0.29454001990133527,0.0,0.0,0.0,0.0,-0.9006812606753067,0.0,0.0,0.0,0.0,0.0,4807631.006299697,4451650.574560514,1.0000000000000009,1.0000000000000009,2.0000000000000018 
 01/21  04:10:00,27.154258304794674,7751811.697848861,0.0,27.14333333333333,31.619999999999997,-0.2940602097130761,0.0,0.0,0.0,0.0,-0.8781949692931642,0.0,0.0,0.0,0.0,0.0,3915968.2896507327,3576292.993984884,0.8742029566278128,0.6666666666666666,1.6666666666666665 
 01/21  04:20:00,27.368059751234174,9295483.750910973,0.0,27.81,31.62,-0.2944591903292507,0.0,0.0,0.0,0.0,-0.8617025468817279,0.0,0.0,0.0,0.0,0.0,4781760.214562234,5021424.821551349,1.0,1.0,2.0 
 01/21  04:30:00,27.768045853890673,10022006.736678382,0.0,27.81,31.62,-0.29539850297190423,0.0,0.0,0.0,0.0,-0.8505043672648365,0.0,0.0,0.0,0.0,0.0,4768817.0663692765,5110196.362042185,1.0,1.0,2.0 
 01/21  04:40:00,26.588367477536924,7932545.082541531,0.0,26.476666666666652,31.619999999999976,-0.2965142126831769,0.0,0.0,0.0,0.0,-0.841005448324102,0.0,0.0,0.0,0.0,0.0,2948416.332680693,4929022.410052878,0.6658956025937831,0.49999999999999967,1.1666666666666659 
 01/21  04:50:00,27.749900440176425,10206987.964413963,0.0,27.81000000000002,31.620000000000026,-0.2977989153829148,0.0,0.0,0.0,0.0,-0.8304004394041925,0.0,0.0,0.0,0.0,0.0,4742915.249847606,5424149.469263671,1.0000000000000009,1.0000000000000009,2.0000000000000018 
 01/21  05:00:00,26.633813846285996,6990098.880681057,0.0,26.61,31.620000000000005,-0.29921704219579615,0.0,0.0,0.0,0.0,-0.8196245449885554,0.0,0.0,0.0,0.0,0.0,2837973.945189922,4182320.0588445645,0.6000000000000001,0.6000000000000001,1.2000000000000002 
 01/21  05:10:00,27.087078043248525,9470433.8126177,0.0,27.14333333333333,31.619999999999997,-0.3008887936560607,0.0,0.0,0.0,0.0,-0.8092368976526239,0.0,0.0,0.0,0.0,0.0,4729767.749327679,4687426.471557964,1.0,1.0,2.0 
 01/21  05:20:00,27.15738377547214,7906083.126554461,0.0,27.14333333333333,31.619999999999997,-0.30341008768803046,0.0,0.0,0.0,0.0,-0.7976993441845193,0.0,0.0,0.0,0.0,0.0,3916205.936701347,3715530.0767671443,0.8898245179549427,0.6666666666666667,1.6666666666666667 
 01/21  05:30:00,27.371118117132212,9422714.246469209,0.0,27.81,31.62,-0.3059812176972066,0.0,0.0,0.0,0.0,-0.7898418163978643,0.0,0.0,0.0,0.0,0.0,4729389.9043502975,5197726.550489693,1.0,1.0,2.0 
 01/21  05:40:00,27.768355666475955,10127307.655584004,0.0,27.81,31.62,-0.30822586899023574,0.0,0.0,0.0,0.0,-0.7858711861520619,0.0,0.0,0.0,0.0,0.0,4729200.885296009,5254331.852844535,1.0,1.0,2.0 
 01/21  05:50:00,26.58323573560855,8020262.035426912,0.0,26.47666666666663,31.619999999999955,-0.31040723685754584,0.0,0.0,0.0,0.0,-0.7837078616610237,0.0,0.0,0.0,0.0,0.0,2951881.7106952653,5015141.491713549,0.6666666666666657,0.5133464137374678,1.3333333333333315 
 01/21  06:00:00,27.749638976066457,10279516.900234448,0.0,27.81000000000002,31.620000000000026,-0.3128155757119842,0.0,0.0,0.0,0.0,-0.78175486963963,0.0,0.0,0.0,0.0,0.0,4728822.653891657,5511720.703198606,1.0000000000000009,1.0000000000000009,2.0000000000000018 
 01/21  06:10:00,26.62548774223146,7076315.384600608,0.0,26.61,31.620000000000005,-0.31838138458781107,0.0,0.0,0.0,0.0,-0.7874488367010115,0.0,0.0,0.0,0.0,0.0,2856846.5117778764,4251305.514624222,0.6005450701823849,0.6000000000000001,1.4000000000000001 
 01/21  06:20:00,27.143105327745715,8202021.771714405,0.0,27.14333333333333,31.619999999999997,-0.32818340955002373,0.0,0.0,0.0,0.0,-0.8094090428284266,0.0,0.0,0.0,0.0,0.0,4101962.1562534906,3871473.7852593567,0.9295654191844529,0.6666666666666667,1.6666666666666667 
 01/21  06:30:00,27.38152566128738,9285122.773211433,0.0,27.81,31.62,-0.34399145007278625,0.0,0.0,0.0,0.0,-0.8543227174692279,0.0,0.0,0.0,0.0,0.0,4817258.615804486,4963385.595015938,1.0,1.0,2.0 
 01/21  06:40:00,27.76948616518552,10456475.521080218,0.0,27.81,31.62,-0.3614704798757487,0.0,0.0,0.0,0.0,-0.9114620156685417,0.0,0.0,0.0,0.0,0.0,4846769.340020903,5463194.568186939,1.0,1.0,2.0 
 01/21  06:50:00,26.56342022855576,8381636.440166121,0.0,26.47666666666663,31.619999999999955,-0.37976304970900504,0.0,0.0,0.0,0.0,-0.9756063266388709,0.0,0.0,0.0,0.0,0.0,3093035.7261881535,5243516.892806495,0.6666666666666657,0.5497929930024609,1.3333333333333315 
 01/21  07:00:00,27.74884794300857,10711480.921083175,0.0,27.81000000000002,31.620000000000026,-0.40113854411472316,0.0,0.0,0.0,0.0,-1.050436925877836,0.0,0.0,0.0,0.0,0.0,4905838.972436041,5770130.22266996,1.0000000000000009,1.0000000000000009,2.0000000000000018 
 01/21  07:10:00,26.634233452815014,6977352.903026546,0.0,26.61,31.620000000000005,-0.3949872178672644,0.0,0.0,0.0,0.0,-1.1066395836238485,0.0,0.0,0.0,0.0,0.0,2946505.042768566,4061121.7189464523,0.6000000000000001,0.5922454035051714,1.2000000000000002 
 01/21  07:20:00,27.087130034173782,9274706.830535624,0.0,27.14333333333333,31.619999999999997,-0.3642021630619144,0.0,0.0,0.0,0.0,-1.094915799009021,0.0,0.0,0.0,0.0,0.0,4951007.659377769,4270295.535781827,1.0,1.0,2.0 
 01/21  07:30:00,27.148913096302053,7514234.338970442,0.0,27.143333333333324,31.619999999999987,-0.30214346701535416,0.0,0.0,0.0,0.0,-0.9878345419517904,0.0,0.0,0.0,0.0,0.0,3970367.4236113233,3309554.315604833,0.8482196377776127,0.6666666666666664,1.666666666666666 
 01/21  07:40:00,27.364070990331392,8885479.605829798,0.0,27.809999999999988,31.61999999999999,-0.22457152739472724,0.0,0.0,0.0,0.0,-0.7858362936497707,0.0,0.0,0.0,0.0,0.0,5000348.9358800445,4398956.022926856,0.9999999999999997,0.9999999999999997,1.9999999999999993 
 01/21  07:50:00,27.767505599949327,9376764.935865343,0.0,27.81,31.62,-0.1447215598999286,0.0,0.0,0.0,0.0,-0.5259238236190631,0.0,0.0,0.0,0.0,0.0,5027498.051582826,4207258.658324898,1.0,1.0,2.0 
 01/21  08:00:00,26.635056412407792,7043433.249034857,0.0,26.47666666666663,31.619999999999955,-0.05503527115983624,0.0,0.0,0.0,0.0,-0.20885958310067537,0.0,0.0,0.0,0.0,0.0,2950769.646030277,4021862.132160308,0.6152008289982327,0.49999999999999933,1.166666666666665 
 01/21  08:10:00,27.111529741360357,6453477.827504166,0.0,27.14333333333333,31.619999999999997,0.06232806980879777,0.0,0.0,0.0,0.0,0.1898601828928312,0.0,0.0,0.0,0.0,0.0,3802411.645673399,2567426.5697511756,0.7777435623421785,0.6666666666666666,1.6666666666666665 
 01/21  08:20:00,27.741345639749472,8231707.12390654,0.0,27.81,31.62,0.2045366054056592,0.0,0.0,0.0,0.0,0.6814906452957994,0.0,0.0,0.0,0.0,0.0,5118514.598790021,3037122.9444232993,1.0,1.0,2.0 
 01/21  08:30:00,26.677478889469793,6241957.301327101,0.0,26.476666666666684,31.620000000000022,0.3488284525330804,0.0,0.0,0.0,0.0,1.1968235418738884,0.0,0.0,0.0,0.0,0.0,2861538.1909830277,3295094.4242629646,0.5761650577610362,0.5000000000000004,1.1666666666666674 
 01/21  08:40:00,27.103844532784237,5901816.281444091,0.0,27.143333333333352,31.620000000000026,0.506504346185106,0.0,0.0,0.0,0.0,1.7622100351032892,0.0,0.0,0.0,0.0,0.0,3715352.578252166,2139250.298201987,0.7354220716533004,0.6666666666666672,1.6666666666666679 
 01/21  08:50:00,27.134832329033976,7109623.004095249,0.0,27.143333333333352,31.620000000000026,0.7165983106401207,0.0,0.0,0.0,0.0,2.5077120905179733,0.0,0.0,0.0,0.0,0.0,3253274.4960805997,3714507.1478739628,0.7303597822491457,0.3333333333333336,1.3333333333333344 
 01/21  09:00:00,27.134394297419348,6999184.728270318,0.0,27.143333333333352,31.620000000000026,0.8994212653790854,0.0,0.0,0.0,0.0,3.132115894007277,0.0,0.0,0.0,0.0,0.0,3223019.014976577,3637574.40743186,0.7167348371090857,0.3333333333333336,1.3333333333333344 
 01/21  09:10:00,27.131304445515802,6832232.699767238,0.0,27.14333333333333,31.619999999999997,1.107356660213171,0.0,0.0,0.0,0.0,3.7403423630692982,0.0,0.0,0.0,0.0,0.0,3146527.0673855706,3564879.239482325,0.6839067706826584,0.3333333333333333,1.3333333333333335 
 01/21  09:20:00,27.127983361243466,6656124.346851576,0.0,27.14333333333333,31.619999999999997,1.353746933067119,0.0,0.0,0.0,0.0,4.378518886603709,0.0,0.0,0.0,0.0,0.0,3059835.7395537016,3494485.123941423,0.6492293674614407,0.33333333333333337,1.3333333333333333 
 01/21  09:30:00,27.124619351139046,6474302.376399806,0.0,27.143333333333324,31.619999999999987,1.619802280794408,0.0,0.0,0.0,0.0,5.0474026063954245,0.0,0.0,0.0,0.0,0.0,2970117.512195639,3421623.6910402104,0.6145954745547362,0.3333333333333332,1.3333333333333328 
 01/21  09:40:00,27.120883114753198,6266033.274627214,0.0,27.14333333333334,31.62000000000001,1.897362477221949,0.0,0.0,0.0,0.0,5.7500308141255925,0.0,0.0,0.0,0.0,0.0,2865347.994761231,3339392.1625770917,0.5771225020138882,0.3333333333333332,1.3333333333333335 
 01/21  09:50:00,27.116672161814357,6023908.251681743,0.0,27.143333333333352,31.620000000000026,2.185085733219442,0.0,0.0,0.0,0.0,6.501795257097269,0.0,0.0,0.0,0.0,0.0,2740323.966625363,3246138.855755651,0.5357673516518738,0.3333333333333336,1.3333333333333344 
 01/21  10:00:00,27.112584618173152,5784827.7005807245,0.0,27.143333333333352,31.620000000000026,2.4834310409876936,0.0,0.0,0.0,0.0,7.316943165025525,0.0,0.0,0.0,0.0,0.0,2616852.516288853,3153616.73106129,0.49588470529421624,0.3333333333333336,1.3333333333333344 
 01/21  10:10:00,27.119836244495936,5642197.39119425,0.0,27.14333333333333,31.619999999999997,2.7683143340542777,0.0,0.0,0.0,0.0,8.16152782543367,0.0,0.0,0.0,0.0,0.0,2545517.9798772587,3091931.069568711,0.47340442107081593,0.3333333333333333,1.0 
 01/21  10:20:00,26.786831035783724,4297655.957945635,0.0,26.61,31.620000000000005,2.984787771659649,0.0,0.0,0.0,0.0,8.855687375518972,0.0,0.0,0.0,0.0,0.0,2518618.4279510467,1831307.683557709,0.44826904769743114,0.3720986998235762,1.0 
 01/21  10:30:00,27.065460331563422,5625238.66947891,0.0,27.143333333333324,31.619999999999987,3.22778324171421,0.0,0.0,0.0,0.0,9.623909577066453,0.0,0.0,0.0,0.0,0.0,3475152.322721816,2265782.228969149,0.6713890999994245,0.3333333333333332,1.3333333333333328 
 01/21  10:40:00,26.794985135661864,5077947.318803736,0.0,26.80999999999999,31.61999999999999,3.485577943747557,0.0,0.0,0.0,0.0,10.390685604527109,0.0,0.0,0.0,0.0,0.0,3509401.0041729016,1645101.9080144647,0.6149409992368994,0.5,1.25 
 01/21  10:50:00,27.063115952894805,5240900.469731849,0.0,27.143333333333352,31.620000000000026,3.7554842596076137,0.0,0.0,0.0,0.0,11.11436796120455,0.0,0.0,0.0,0.0,0.0,3257757.1072950955,2122916.235729522,0.6069577088835447,0.3333333333333336,1.3333333333333344 
 01/21  11:00:00,26.819308937731055,4656705.845922277,0.0,26.81,31.62,4.023745146781363,0.0,0.0,0.0,0.0,11.74558147643255,0.0,0.0,0.0,0.0,0.0,3202867.113476146,1533438.9513810666,0.5855140481275722,0.3387125364610865,1.25 
 01/21  11:10:00,27.05957262751962,4837678.671560347,0.0,27.14333333333333,31.619999999999997,4.29293798204513,0.0,0.0,0.0,0.0,12.320337909267856,0.0,0.0,0.0,0.0,0.0,3015437.645706934,1986714.0142650972,0.5423584152305675,0.3333333333333333,1.3333333333333335 
 01/21  11:20:00,26.837947626861066,4299089.964127133,0.0,26.81,31.62,4.555336760805446,0.0,0.0,0.0,0.0,12.851691205883213,0.0,0.0,0.0,0.0,0.0,3323559.829601879,1077921.015189798,0.4856328925058022,0.25,1.0 
 01/21  11:30:00,27.056015523302033,4463358.273535284,0.0,27.143333333333324,31.619999999999987,4.819278246635611,0.0,0.0,0.0,0.0,13.376165413954439,0.0,0.0,0.0,0.0,0.0,3323844.5682959314,1334300.8784383582,0.4552170606870008,0.3333333333333332,1.3333333333333328 
 01/21  11:40:00,26.854434875780065,3985355.7143070023,0.0,26.80999999999999,31.61999999999999,5.076182413498564,0.0,0.0,0.0,0.0,13.865649171551635,0.0,0.0,0.0,0.0,0.0,3076875.4008601415,1019037.1367716786,0.43724117019925113,0.25,1.0 
 01/21  11:50:00,27.05350690971646,4145672.9927875544,0.0,27.143333333333352,31.620000000000026,5.332400613012439,0.0,0.0,0.0,0.0,14.315239542787591,0.0,0.0,0.0,0.0,0.0,3136318.83504002,1220050.599049674,0.4174780806293385,0.3333333333333336,1.3333333333333344 
 01/21  12:00:00,26.86865771478713,3713651.7501457892,0.0,26.81,31.62,5.5795657444672635,0.0,0.0,0.0,0.0,14.691979141467538,0.0,0.0,0.0,0.0,0.0,2864547.001866226,968327.180197041,0.395926179574285,0.25,1.0 
 01/21  12:10:00,26.992035100075622,3563158.5170616303,0.0,26.81,31.62,5.88063382896014,0.0,0.0,0.0,0.0,15.085259961458297,0.0,0.0,0.0,0.0,0.0,2509933.3578919503,1174336.3909767552,0.3354949087263073,0.25,1.0 
 01/21  12:20:00,27.001073234105263,3467807.1729867333,0.0,26.81,31.62,6.1095143186131855,0.0,0.0,0.0,0.0,15.332209529557137,0.0,0.0,0.0,0.0,0.0,2432057.4557909044,1163458.056211373,0.32111764589892194,0.25,0.75 
 01/21  12:30:00,27.0189099388059,3390277.0875412137,0.0,26.81,31.62,6.3150335319881625,0.0,0.0,0.0,0.0,15.525324088861556,0.0,0.0,0.0,0.0,0.0,2362132.3879794055,1163222.5063020394,0.30818051860018525,0.25,0.75 
 01/21  12:40:00,27.0448233215034,3305310.2811893797,0.0,26.81,31.62,6.511602773447455,0.0,0.0,0.0,0.0,15.68233028891552,0.0,0.0,0.0,0.0,0.0,2265140.516957343,1185721.1536047773,0.2909628120932891,0.25,0.75 
 01/21  12:50:00,27.0723968533156,3219093.498869474,0.0,26.81,31.62,6.701542540683135,0.0,0.0,0.0,0.0,15.801439677235281,0.0,0.0,0.0,0.0,0.0,2162283.6537048053,1214739.4393416517,0.2729599848549484,0.25,0.75 
 01/21  13:00:00,27.100367546061726,3133280.6566348253,0.0,26.81,31.62,6.885309225473868,0.0,0.0,0.0,0.0,15.893398129803957,0.0,0.0,0.0,0.0,0.0,2057936.35201755,1247286.1175779088,0.2548886214067496,0.25,0.75 
 01/21  13:10:00,27.110058686313234,2805677.1835478377,0.0,26.61,31.620000000000005,7.033521433528997,0.0,0.0,0.0,0.0,15.935117083049558,0.0,0.0,0.0,0.0,0.0,1709414.316328751,1233161.8235977916,0.21302774174191969,0.2,0.6000000000000001 
 01/21  13:20:00,27.077570668721233,2926680.437423375,0.0,26.61,31.620000000000005,7.23559401109618,0.0,0.0,0.0,0.0,15.941670581396693,0.0,0.0,0.0,0.0,0.0,2037321.627961068,1001893.2080166097,0.264338341892011,0.2,0.6000000000000001 
 01/21  13:30:00,27.087116804084342,2901933.527151127,0.0,26.61,31.620000000000005,7.415092402795418,0.0,0.0,0.0,0.0,15.884575099976825,0.0,0.0,0.0,0.0,0.0,2011251.8739417987,1005312.2674340735,0.25890961784990507,0.2,0.6000000000000001 
 01/21  13:40:00,27.097317020032364,2882980.8072367636,0.0,26.61,31.620000000000005,7.578415043404544,0.0,0.0,0.0,0.0,15.758251233130698,0.0,0.0,0.0,0.0,0.0,1987121.8119474282,1012345.5944366065,0.25384538001123436,0.2,0.6000000000000001 
 01/21  13:50:00,27.10496252189184,2868945.430642007,0.0,26.61,31.620000000000005,7.727221739183074,0.0,0.0,0.0,0.0,15.541362340869604,0.0,0.0,0.0,0.0,0.0,1968724.3245139732,1018317.4695712026,0.24973674153411823,0.2,0.6000000000000001 
 01/21  14:00:00,27.109621873647868,2860046.4783344734,0.0,26.61,31.620000000000005,7.862897303607589,0.0,0.0,0.0,0.0,15.24157706343198,0.0,0.0,0.0,0.0,0.0,1958568.1162075193,1020736.677612583,0.24696214894022636,0.2,0.6000000000000001 
 01/21  14:10:00,27.118440878601383,2837267.4273464475,0.0,26.61,31.620000000000005,7.9950130888174185,0.0,0.0,0.0,0.0,14.892837941300423,0.0,0.0,0.0,0.0,0.0,1941532.6677475441,1016947.0329089019,0.24276770539132667,0.2,0.6000000000000001 
 01/21  14:20:00,27.13128625464925,2809915.488958563,0.0,26.61,31.620000000000005,8.126465081155288,0.0,0.0,0.0,0.0,14.538700208023778,0.0,0.0,0.0,0.0,0.0,1908445.8783635218,1025738.9031745844,0.23615530567859014,0.2,0.6000000000000001 
 01/21  14:30:00,27.143694221410257,2784996.6092665303,0.0,26.61,31.620000000000005,8.255184336386655,0.0,0.0,0.0,0.0,14.200857030686269,0.0,0.0,0.0,0.0,0.0,1877237.8740555986,1035080.9447911527,0.2299234152357068,0.2,0.6000000000000001 
 01/21  14:40:00,27.160271908920805,2746898.2655036137,0.0,26.61,31.620000000000005,8.385920602904116,0.0,0.0,0.0,0.0,13.91073057671483,0.0,0.0,0.0,0.0,0.0,1835637.2352420469,1042695.7871105447,0.22219383541334903,0.2,0.6000000000000001 
 01/21  14:50:00,27.182995802217018,2700070.909444261,0.0,26.61,31.620000000000005,8.523332729179371,0.0,0.0,0.0,0.0,13.709282180080747,0.0,0.0,0.0,0.0,0.0,1777912.2974210973,1059327.105442743,0.21212716794574862,0.2,0.6000000000000001 
 01/21  15:00:00,27.209154112419636,2649580.3090937277,0.0,26.61,31.620000000000005,8.668590791307269,0.0,0.0,0.0,0.0,13.604053214998821,0.0,0.0,0.0,0.0,0.0,1710241.4848546502,1083681.0656760642,0.20069815526701482,0.2,0.6000000000000001 
 01/21  15:10:00,26.817791320692287,2850480.004694144,0.0,26.610000000000003,31.620000000000005,8.761144584968946,0.0,0.0,0.0,0.0,13.53944794074937,0.0,0.0,0.0,0.0,0.0,2371609.4017498964,599715.144368252,0.3014930457460754,0.2,0.6000000000000001 
 01/21  15:20:00,26.894892314446412,2954937.1238827044,0.0,26.81,31.62,8.789759716026289,0.0,0.0,0.0,0.0,13.470043869436072,0.0,0.0,0.0,0.0,0.0,2500192.172697615,606198.405422409,0.307933293043875,0.25,0.75 
 01/21  15:30:00,26.645461635985765,3122046.0640933015,0.0,26.31,31.62,8.808752681248,0.0,0.0,0.0,0.0,13.345982350557303,0.0,0.0,0.0,0.0,0.0,2845381.433260723,415794.6036187579,0.3618619998872757,0.25,0.75 
 01/21  15:40:00,26.687115921024642,866505.9756674712,0.0,26.31,31.62,8.814313058565913,0.0,0.0,0.0,0.0,13.179346831253675,0.0,0.0,0.0,0.0,0.0,830083.4941806883,0.0,0.12717111527638592,0.0,0.25 
 01/21  15:50:00,27.438293114766864,2364578.5345892687,0.0,27.143333333333352,31.620000000000026,8.809556811458375,0.0,0.0,0.0,0.0,12.994253084639734,0.0,0.0,0.0,0.0,0.0,2418973.375630972,0.0,0.37224988765768013,0.0,0.6666666666666672 
 01/21  16:00:00,27.126728841826875,2695756.467243279,0.0,26.47666666666663,31.619999999999955,8.796641887735362,0.0,0.0,0.0,0.0,12.772337971712714,0.0,0.0,0.0,0.0,0.0,1651479.556903871,1149136.3709561103,0.2063938472884705,0.16666666666666644,0.49999999999999933 
 01/21  16:10:00,27.110199397345877,2796783.8368086033,0.0,26.61,31.620000000000005,8.811646619551812,0.0,0.0,0.0,0.0,12.517366223861965,0.0,0.0,0.0,0.0,0.0,1748784.0301199446,1186404.817113076,0.21117220951240484,0.2,0.6000000000000001 
 01/21  16:20:00,27.07262879175106,2926248.7828519274,0.0,26.61,31.620000000000005,8.850180987347803,0.0,0.0,0.0,0.0,12.174615065358047,0.0,0.0,0.0,0.0,0.0,2068590.8224459554,972705.4720598068,0.25988478022245387,0.2,0.6000000000000001 
 01/21  16:30:00,27.069838228284787,2928613.393778111,0.0,26.61,31.620000000000005,8.899076793880367,0.0,0.0,0.0,0.0,11.907063741046434,0.0,0.0,0.0,0.0,0.0,2075430.5449803267,968250.121302071,0.2603363046622267,0.2,0.6000000000000001 
 01/21  16:40:00,27.069702419931744,2926510.58747328,0.0,26.61,31.620000000000005,8.951640546055383,0.0,0.0,0.0,0.0,11.67869138906005,0.0,0.0,0.0,0.0,0.0,2077952.7651717376,963825.7200240269,0.2601256211034142,0.2,0.6000000000000001 
 01/21  16:50:00,26.928320145304006,3118831.6687211925,0.0,26.81,31.62,8.992672915287296,0.0,0.0,0.0,0.0,11.48464991786633,0.0,0.0,0.0,0.0,0.0,2475560.449376558,790884.9005477711,0.30580243541945573,0.25,0.75 
 01/21  17:00:00,27.093999806499195,3097241.7937698564,0.0,26.81,31.62,9.051288125447808,0.0,0.0,0.0,0.0,11.215437983909668,0.0,0.0,0.0,0.0,0.0,2134202.8910027207,1137287.5931864346,0.25310740381508556,0.25,0.75 
 01/21  17:10:00,27.069150922410422,3384688.961407759,0.0,26.81,31.62,8.978575079476064,0.0,0.0,0.0,0.0,10.909095312994708,0.0,0.0,0.0,0.0,0.0,2271864.30805166,1265333.6995644784,0.28000761494201565,0.25,0.75 
 01/21  17:20:00,27.00300390729752,3684716.5657444047,0.0,26.81,31.62,8.758850072862806,0.0,0.0,0.0,0.0,10.50879304434129,0.0,0.0,0.0,0.0,0.0,2611903.4802450966,1192550.3926351706,0.340561797017762,0.25,1.0 
 01/21  17:30:00,26.9685763677859,4022303.6106615937,0.0,26.81,31.62,8.479916161631111,0.0,0.0,0.0,0.0,10.007417044633502,0.0,0.0,0.0,0.0,0.0,2928782.447246073,1191665.5307027935,0.4003502976469785,0.25,1.0 
 01/21  17:40:00,26.95117858312855,4339134.5561201405,0.0,26.81,31.62,8.159387984970184,0.0,0.0,0.0,0.0,9.420913207353255,0.0,0.0,0.0,0.0,0.0,3175005.869795842,1246113.9832230518,0.4513572364485264,0.25,1.0 
 01/21  17:50:00,27.05815945282614,5017032.225783039,0.0,27.143333333333352,31.620000000000026,7.867073396850551,0.0,0.0,0.0,0.0,8.865486752940367,0.0,0.0,0.0,0.0,0.0,2773199.5212859735,2407308.793254238,0.5698732323427556,0.3333333333333336,1.3333333333333344 
 01/21  18:00:00,26.786204317079687,5072009.089713594,0.0,26.81,31.62,7.545461555674513,0.0,0.0,0.0,0.0,8.24283604854005,0.0,0.0,0.0,0.0,0.0,3170741.450144533,1980451.6425888643,0.6275292696365665,0.5,1.25 
 01/21  18:10:00,27.0706203899666,6131218.622472518,0.0,27.14333333333333,31.619999999999997,7.2410000207461085,0.0,0.0,0.0,0.0,7.594466889323579,0.0,0.0,0.0,0.0,0.0,3595186.9362703767,2609241.056536857,0.7947380912111461,0.3333333333333333,1.3333333333333335 
 01/21  18:20:00,27.17079590209922,4639547.429359036,0.0,27.14333333333333,31.619999999999997,6.864929130967369,0.0,0.0,0.0,0.0,6.80773164566204,0.0,0.0,0.0,0.0,0.0,3521266.003474917,1077111.5172688656,0.6666666666666667,0.6666666666666667,1.3333333333333335 
 01/21  18:30:00,26.738902010354273,4808669.644798159,0.0,26.61,31.620000000000005,6.632304864882873,0.0,0.0,0.0,0.0,6.323465325053944,0.0,0.0,0.0,0.0,0.0,2449728.568321428,2412712.499042292,0.48896234808971706,0.4,1.0 
 01/21  18:40:00,27.076273770993392,6921112.257024444,0.0,27.143333333333352,31.620000000000026,6.3865567306574125,0.0,0.0,0.0,0.0,5.8418965966785406,0.0,0.0,0.0,0.0,0.0,4128475.391746938,2814584.1248423583,0.9254218014736574,0.40331268490183597,1.666666666666668 
 01/21  18:50:00,27.11152229392252,5385088.891141813,0.0,27.143333333333352,31.620000000000026,6.047618829735104,0.0,0.0,0.0,0.0,5.253510399195736,0.0,0.0,0.0,0.0,0.0,3533308.012506581,1790443.4872478517,0.684058750469944,0.6666666666666672,1.6666666666666679 
 01/21  19:00:00,27.73836878468458,7678184.99626972,0.0,27.81,31.62,5.802033764597631,0.0,0.0,0.0,0.0,4.815709428850386,0.0,0.0,0.0,0.0,0.0,5167785.252494544,2434403.301009477,1.0,1.0,2.0 
 01/21  19:10:00,26.90070526084233,5638674.793111552,0.0,26.81,31.62,5.587094098562177,0.0,0.0,0.0,0.0,4.36782157949715,0.0,0.0,0.0,0.0,0.0,3829837.014251834,1361075.5588319323,0.832431894631764,0.5,1.5 
 01/21  19:20:00,27.717255689116456,9040438.594830848,0.0,27.81,31.62,5.46278728171982,0.0,0.0,0.0,0.0,4.028411487612981,0.0,0.0,0.0,0.0,0.0,5124131.971229249,3896715.7886623377,1.0,1.0,2.0 
 01/21  19:30:00,27.80356728928864,7565728.8892285265,0.0,27.81,31.62,5.368735451942984,0.0,0.0,0.0,0.0,3.7579662733011734,0.0,0.0,0.0,0.0,0.0,5102638.122035671,2215480.9784949576,1.0,1.0,2.0 
 01/21  19:40:00,26.684078416530802,6160117.680669993,0.0,26.476666666666652,31.619999999999976,5.284578733315739,0.0,0.0,0.0,0.0,3.5734484872757486,0.0,0.0,0.0,0.0,0.0,2807511.537193534,3264792.556125211,0.5715799839058102,0.49999999999999967,1.1666666666666659 
 01/21  19:50:00,27.10868058385844,6100785.382444233,0.0,27.143333333333352,31.620000000000026,5.196670451596673,0.0,0.0,0.0,0.0,3.4003585235910534,0.0,0.0,0.0,0.0,0.0,3711883.82605571,2317210.1064806487,0.7578578504913505,0.6666666666666672,1.6666666666666679 
 01/21  20:00:00,27.334585547412612,7288145.969413388,0.0,27.81,31.62,5.08763338678876,0.0,0.0,0.0,0.0,3.216804062561346,0.0,0.0,0.0,0.0,0.0,5039446.095385266,2777343.37956193,1.0,1.0,2.0 
 01/21  20:10:00,27.76376496126695,8445317.323528763,0.0,27.81,31.62,5.001863594990399,0.0,0.0,0.0,0.0,3.0784512573606717,0.0,0.0,0.0,0.0,0.0,5039661.671684644,3271461.964940106,1.0,1.0,2.0 
 01/21  20:20:00,26.670191280287113,6381357.422149921,0.0,26.476666666666667,31.619999999999997,4.941814712626117,0.0,0.0,0.0,0.0,2.981761463958654,0.0,0.0,0.0,0.0,0.0,2826591.2896118755,3471885.4075017003,0.5830256222437886,0.5,1.1666666666666665 
 01/21  20:30:00,27.11106986111498,6280397.878873646,0.0,27.143333333333324,31.619999999999987,4.883310118370296,0.0,0.0,0.0,0.0,2.894324125182626,0.0,0.0,0.0,0.0,0.0,3743497.5558582945,2454629.3720643115,0.7704767313632025,0.6666666666666664,1.666666666666666 
 01/21  20:40:00,27.34012536357105,7413835.282609582,0.0,27.809999999999988,31.61999999999999,4.8195636665681505,0.0,0.0,0.0,0.0,2.810324015383408,0.0,0.0,0.0,0.0,0.0,5040307.957099985,2900562.542440713,0.9999999999999997,0.9999999999999997,1.9999999999999993 
 01/21  20:50:00,27.764473336708896,8559397.510767907,0.0,27.81,31.62,4.76559571734489,0.0,0.0,0.0,0.0,2.75216810994376,0.0,0.0,0.0,0.0,0.0,5040523.2378708515,3383230.482889806,1.0,1.0,2.0 
 01/21  21:00:00,26.665183708944024,6479410.429129183,0.0,26.47666666666663,31.619999999999955,4.7214554368465445,0.0,0.0,0.0,0.0,2.714283229927431,0.0,0.0,0.0,0.0,0.0,2843916.0765916677,3554330.2635625005,0.5875847134342651,0.49999999999999933,1.166666666666665 
 01/21  21:10:00,27.113163771407216,6418266.409964459,0.0,27.14333333333333,31.619999999999997,4.675766673552985,0.0,0.0,0.0,0.0,2.680129731594288,0.0,0.0,0.0,0.0,0.0,3763208.7540687043,2563656.392389327,0.7802590641304361,0.6666666666666666,1.6666666666666665 
 01/21  21:20:00,27.344611179602154,7577642.189238589,0.0,27.81,31.62,4.624074264318587,0.0,0.0,0.0,0.0,2.6478147736575632,0.0,0.0,0.0,0.0,0.0,4995657.572096576,3107986.1230025575,1.0,1.0,2.0 
 01/21  21:30:00,27.76509594001611,8756835.493482403,0.0,27.81,31.62,4.579241557416765,0.0,0.0,0.0,0.0,2.63065362011485,0.0,0.0,0.0,0.0,0.0,4973125.413403646,3646909.636901216,1.0,1.0,2.0 
 01/21  21:40:00,26.653902372551272,6692994.74446643,0.0,26.476666666666652,31.619999999999976,4.54484470028947,0.0,0.0,0.0,0.0,2.6236567169600957,0.0,0.0,0.0,0.0,0.0,2835562.3788465853,3779955.534534392,0.5992995359381764,0.49999999999999967,1.1666666666666659 
 01/21  21:50:00,27.116859384017914,6647172.657510482,0.0,27.143333333333352,31.620000000000026,4.5088300785051745,0.0,0.0,0.0,0.0,2.614768357364505,0.0,0.0,0.0,0.0,0.0,3762598.1015821192,2776403.228526988,0.7988023230273539,0.6666666666666672,1.6666666666666679 
 01/21  22:00:00,27.350494021483655,7786565.809285457,0.0,27.81,31.62,4.466495203418829,0.0,0.0,0.0,0.0,2.6041365893072217,0.0,0.0,0.0,0.0,0.0,4905562.023712842,3403760.896700376,1.0,1.0,2.0 
 01/21  22:10:00,27.765776201640364,8862819.668550126,0.0,27.81,31.62,4.428161309669925,0.0,0.0,0.0,0.0,2.594214158182927,0.0,0.0,0.0,0.0,0.0,4945372.909193119,3779129.2297473513,1.0,1.0,2.0 
 01/21  22:20:00,26.65368381524885,6700698.8519152645,0.0,26.476666666666667,31.619999999999997,4.394759570645936,0.0,0.0,0.0,0.0,2.5824169228860443,0.0,0.0,0.0,0.0,0.0,2854181.7332410305,3769202.970791973,0.5989748876897116,0.5,1.1666666666666665 
 01/21  22:30:00,27.114650229729108,6552901.886812099,0.0,27.143333333333324,31.619999999999987,4.359219810971326,0.0,0.0,0.0,0.0,2.566126078777747,0.0,0.0,0.0,0.0,0.0,3799848.1092392066,2654998.5965703465,0.7888280453902607,0.6666666666666664,1.666666666666666 
 01/21  22:40:00,27.348065360404924,7602748.239944477,0.0,27.809999999999988,31.61999999999999,4.317755127467688,0.0,0.0,0.0,0.0,2.5433128375548986,0.0,0.0,0.0,0.0,0.0,5064764.711908153,3063019.7754702684,0.9999999999999997,0.9999999999999997,1.9999999999999993 
 01/21  22:50:00,27.765449464412335,8672865.436772814,0.0,27.81,31.62,4.280547460462516,0.0,0.0,0.0,0.0,2.5194437238383354,0.0,0.0,0.0,0.0,0.0,5104548.367393491,3430618.35672618,1.0,1.0,2.0 
 01/21  23:00:00,26.664388342019993,6503414.690879374,0.0,26.47666666666663,31.619999999999955,4.248066881848985,0.0,0.0,0.0,0.0,2.494367311026866,0.0,0.0,0.0,0.0,0.0,2899846.437894783,3522899.646796641,0.5869184327800249,0.49999999999999933,1.166666666666665 
 01/21  23:10:00,27.112685720440638,6426490.879051203,0.0,27.14333333333333,31.619999999999997,4.203009720983409,0.0,0.0,0.0,0.0,2.4589852802060927,0.0,0.0,0.0,0.0,0.0,3815461.4056369597,2522394.4726209594,0.7776879774897938,0.6666666666666666,1.6666666666666665 
 01/21  23:20:00,27.346284893912898,7579319.174235612,0.0,27.81,31.62,4.142684004794858,0.0,0.0,0.0,0.0,2.4079817963241754,0.0,0.0,0.0,0.0,0.0,5058081.667140423,3049191.7438923474,1.0,1.0,2.0 
 01/21  23:30:00,27.76530039752216,8726970.964814296,0.0,27.81,31.62,4.084331498255248,0.0,0.0,0.0,0.0,2.353769466380592,0.0,0.0,0.0,0.0,0.0,5015782.8905776795,3573942.0842191847,1.0,1.0,2.0 
 01/21  23:40:00,26.65690688165573,6638926.562929971,0.0,26.476666666666652,31.619999999999976,4.030378871340099,0.0,0.0,0.0,0.0,2.297874333613489,0.0,0.0,0.0,0.0,0.0,2837720.708347266,3722711.8045858964,0.5963747733262167,0.49999999999999967,1.1666666666666659 
 01/21  23:50:00,27.11564875389358,6572395.027670233,0.0,27.143333333333352,31.620000000000026,3.9714716517888164,0.0,0.0,0.0,0.0,2.2331348980899026,0.0,0.0,0.0,0.0,0.0,3742292.192470192,2727785.108619309,0.7924545139756887,0.6666666666666672,1.6666666666666679 
 01/21  24:00:00,27.34973424654892,7705770.753430665,0.0,27.81,31.62,3.901143991623343,0.0,0.0,0.0,0.0,2.153108304584186,0.0,0.0,0.0,0.0,0.0,4892108.632179516,3338229.9428087734,1.0,1.0,2.0 
 07/21  00:10:00,28.225873239279412,0.0,0.0,25.81,31.62,25.739785891195652,0.0,0.0,0.0,0.0,18.62792822138282,0.0,0.0,0.0,0.0,0.0,0.0,0.0,0.0,0.0,0.0 
 07/21  00:20:00,28.088342901931075,0.0,0.0,25.81,31.62,25.58774257409635,0.0,0.0,0.0,0.0,18.603846660184637,0.0,0.0,0.0,0.0,0.0,0.0,0.0,0.0,0.0,0.0 
 07/21  00:30:00,27.950150082868674,0.0,0.0,25.81,31.62,25.436282841005998,0.0,0.0,0.0,0.0,18.559779426390655,0.0,0.0,0.0,0.0,0.0,0.0,0.0,0.0,0.0,0.0 
 07/21  00:40:00,27.812041733010084,0.0,0.0,25.81,31.62,25.285984853479963,0.0,0.0,0.0,0.0,18.49949321119099,0.0,0.0,0.0,0.0,0.0,0.0,0.0,0.0,0.0,0.0 
 07/21  00:50:00,27.674216847943992,0.0,0.0,25.81,31.62,25.13596791137894,0.0,0.0,0.0,0.0,18.428393364618753,0.0,0.0,0.0,0.0,0.0,0.0,0.0,0.0,0.0,0.0 
 07/21  01:00:00,27.53658360777543,0.0,0.0,25.81,31.62,24.98553166555571,0.0,0.0,0.0,0.0,18.349802436071638,0.0,0.0,0.0,0.0,0.0,0.0,0.0,0.0,0.0,0.0 
 07/21  01:10:00,27.4038450532166,0.0,0.0,25.81,31.62,24.839449349443804,0.0,0.0,0.0,0.0,18.26974992102048,0.0,0.0,0.0,0.0,0.0,0.0,0.0,0.0,0.0,0.0 
 07/21  01:20:00,27.2760556108835,0.0,0.0,25.81,31.62,24.69878746188752,0.0,0.0,0.0,0.0,18.195555371856273,0.0,0.0,0.0,0.0,0.0,0.0,0.0,0.0,0.0,0.0 
 07/21  01:30:00,27.150920726549522,0.0,0.0,25.81,31.62,24.561555712429353,0.0,0.0,0.0,0.0,18.131202828067032,0.0,0.0,0.0,0.0,0.0,0.0,0.0,0.0,0.0,0.0 
 07/21  01:40:00,27.026768801050586,0.0,0.0,25.81,31.62,24.426412088647275,0.0,0.0,0.0,0.0,18.076331829138585,0.0,0.0,0.0,0.0,0.0,0.0,0.0,0.0,0.0,0.0 
 07/21  01:50:00,26.90313625750314,0.0,0.0,25.81,31.62,24.29333692593992,0.0,0.0,0.0,0.0,18.0287915433626,0.0,0.0,0.0,0.0,0.0,0.0,0.0,0.0,0.0,0.0 
 07/21  02:00:00,26.780141364781258,0.0,0.0,25.81,31.62,24.16265906626263,0.0,0.0,0.0,0.0,17.9867984766009,0.0,0.0,0.0,0.0,0.0,0.0,0.0,0.0,0.0,0.0 
 07/21  02:10:00,26.655773931713007,0.0,0.0,25.81,31.62,24.031132044315832,0.0,0.0,0.0,0.0,17.94444886572586,0.0,0.0,0.0,0.0,0.0,0.0,0.0,0.0,0.0,0.0 
 07/21  02:20:00,26.52999039754671,0.0,0.0,25.81,31.62,23.8981255401888,0.0,0.0,0.0,0.0,17.894419626828807,0.0,0.0,0.0,0.0,0.0,0.0,0.0,0.0,0.0,0.0 
 07/21  02:30:00,26.40379159100787,0.0,0.0,25.81,31.62,23.76485287002159,0.0,0.0,0.0,0.0,17.83377520308832,0.0,0.0,0.0,0.0,0.0,0.0,0.0,0.0,0.0,0.0 
 07/21  02:40:00,26.278056597217265,0.0,0.0,25.81,31.62,23.63207732627845,0.0,0.0,0.0,0.0,17.763965600565346,0.0,0.0,0.0,0.0,0.0,0.0,0.0,0.0,0.0,0.0 
 07/21  02:50:00,26.152808051294176,0.0,0.0,25.81,31.62,23.49978891682051,0.0,0.0,0.0,0.0,17.687957681543068,0.0,0.0,0.0,0.0,0.0,0.0,0.0,0.0,0.0,0.0 
 07/21  03:00:00,26.02805990638928,0.0,0.0,25.81,31.62,23.367833199855685,0.0,0.0,0.0,0.0,17.608098154826372,0.0,0.0,0.0,0.0,0.0,0.0,0.0,0.0,0.0,0.0 
 07/21  03:10:00,25.899965769875454,0.0,0.0,25.81,31.62,23.234480591016425,0.0,0.0,0.0,0.0,17.52385074320915,0.0,0.0,0.0,0.0,0.0,0.0,0.0,0.0,0.0,0.0 
 07/21  03:20:00,25.810212160451545,62986.98834112655,0.0,25.81,31.62,23.098409135289582,0.0,0.0,0.0,0.0,17.43179833687186,0.0,0.0,0.0,0.0,0.0,60692.133030954814,0.0,0.007993557526374536,0.0,1.0 
 07/21  03:30:00,27.89703012327041,1983893.7205786332,0.0,26.476666666666684,31.620000000000022,22.97960890608291,0.0,0.0,0.0,0.0,17.347800996769937,0.0,0.0,0.0,0.0,0.0,1553805.2424598788,555132.5852210756,0.1666666666666668,0.1666666666666668,0.3333333333333336 
 07/21  03:40:00,27.935671649610775,0.0,0.0,25.81,31.62,22.841742385628713,0.0,0.0,0.0,0.0,17.240412094319836,0.0,0.0,0.0,0.0,0.0,0.0,0.0,0.0,0.0,0.0 
 07/21  03:50:00,26.94638244244968,0.0,0.0,25.81,31.620000000000005,22.708606816194017,0.0,0.0,0.0,0.0,17.135577170393145,0.0,0.0,0.0,0.0,0.0,0.0,0.0,0.0,0.0,0.0 
 07/21  04:00:00,26.235989819457576,0.0,0.0,25.81,31.62,22.578718471874144,0.0,0.0,0.0,0.0,17.028824886682987,0.0,0.0,0.0,0.0,0.0,0.0,0.0,0.0,0.0,0.0 
 07/21  04:10:00,25.843890287982852,269289.03612603183,0.0,25.81,31.62,22.459869139563935,0.0,0.0,0.0,0.0,16.92243937566696,0.0,0.0,0.0,0.0,0.0,259863.32531335347,0.0,0.034408234116066735,0.0,0.5 
 07/21  04:20:00,27.81959094825824,2002210.8101757742,0.0,26.476666666666667,31.619999999999997,22.361858213347773,0.0,0.0,0.0,0.0,16.84106992055142,0.0,0.0,0.0,0.0,0.0,1552040.8919392964,572275.8985918504,0.1666666666666666,0.1666666666666666,0.3333333333333332 
 07/21  04:30:00,27.790782454357366,0.0,0.0,25.81,31.62,22.260929889489642,0.0,0.0,0.0,0.0,16.76641960797969,0.0,0.0,0.0,0.0,0.0,0.0,0.0,0.0,0.0,0.0 
 07/21  04:40:00,26.801532001839018,0.0,0.0,25.81,31.620000000000005,22.182208936320695,0.0,0.0,0.0,0.0,16.750078913603495,0.0,0.0,0.0,0.0,0.0,0.0,0.0,0.0,0.0,0.0 
 07/21  04:50:00,26.136116780514257,12024.921098160812,0.0,25.81,31.62,22.16240998685968,0.0,0.0,0.0,0.0,16.85000102431926,0.0,0.0,0.0,0.0,0.0,11528.838359715655,0.0,0.0015157436600988607,0.0,0.25 
 07/21  05:00:00,27.784584945183624,1769451.2154510962,0.0,26.61,31.620000000000005,22.163460015712175,0.0,0.0,0.0,0.0,17.113147375671975,0.0,0.0,0.0,0.0,0.0,1870892.4249653604,13119.453607420146,0.2,0.2,0.4 
 07/21  05:10:00,27.231299420113025,0.0,0.0,25.81,31.62,22.188029264918896,0.0,0.0,0.0,0.0,17.5173715880225,0.0,0.0,0.0,0.0,0.0,0.0,0.0,0.0,0.0,0.0 
 07/21  05:20:00,26.55770849990443,0.0,0.0,25.81,31.62,22.228195611044676,0.0,0.0,0.0,0.0,18.054067722561978,0.0,0.0,0.0,0.0,0.0,0.0,0.0,0.0,0.0,0.0 
 07/21  05:30:00,26.181085356115716,0.0,0.0,25.809999999999988,31.619999999999987,22.281389838665252,0.0,0.0,0.0,0.0,18.67185497338915,0.0,0.0,0.0,0.0,0.0,0.0,0.0,0.0,0.0,0.0 
 07/21  05:40:00,25.938634996741094,0.0,0.0,25.81000000000001,31.62000000000001,22.359064359025577,0.0,0.0,0.0,0.0,19.5449160101736,0.0,0.0,0.0,0.0,0.0,0.0,0.0,0.0,0.0,0.0 
 07/21  05:50:00,25.967361817015213,0.0,0.0,25.810000000000016,31.620000000000026,22.441692721946595,0.0,0.0,0.0,0.0,20.367629466777146,0.0,0.0,0.0,0.0,0.0,0.0,0.0,0.0,0.0,0.0 
 07/21  06:00:00,26.088512469504014,0.0,0.0,25.810000000000016,31.620000000000026,22.535013787557137,0.0,0.0,0.0,0.0,21.260567805077237,0.0,0.0,0.0,0.0,0.0,0.0,0.0,0.0,0.0,0.0 
 07/21  06:10:00,26.229460411566958,0.0,0.0,25.81,31.62,22.64252608836051,0.0,0.0,0.0,0.0,22.09877074120991,0.0,0.0,0.0,0.0,0.0,0.0,0.0,0.0,0.0,0.0 
 07/21  06:20:00,26.455708858038285,0.0,0.0,25.81,31.62,22.782565080721152,0.0,0.0,0.0,0.0,23.269385587076798,0.0,0.0,0.0,0.0,0.0,0.0,0.0,0.0,0.0,0.0 
 07/21  06:30:00,26.691903520761507,0.0,0.0,25.81,31.62,22.935773405880763,0.0,0.0,0.0,0.0,24.420393169077652,0.0,0.0,0.0,0.0,0.0,0.0,0.0,0.0,0.0,0.0 
 07/21  06:40:00,26.92174659531449,0.0,0.0,25.81,31.62,23.11697363448813,0.0,0.0,0.0,0.0,25.56720908561249,0.0,0.0,0.0,0.0,0.0,0.0,0.0,0.0,0.0,0.0 
 07/21  06:50:00,27.13642279210805,0.0,0.0,25.81,31.62,23.31510638918602,0.0,0.0,0.0,0.0,26.647097008377035,0.0,0.0,0.0,0.0,0.0,0.0,0.0,0.0,0.0,0.0 
 07/21  07:00:00,27.34606005740634,0.0,0.0,25.81,31.62,23.5304576209673,0.0,0.0,0.0,0.0,27.625330685832026,0.0,0.0,0.0,0.0,0.0,0.0,0.0,0.0,0.0,0.0 
 07/21  07:10:00,27.556868145798525,0.0,0.0,25.81,31.62,23.751470854099807,0.0,0.0,0.0,0.0,28.61388747658985,0.0,0.0,0.0,0.0,0.0,0.0,0.0,0.0,0.0,0.0 
 07/21  07:20:00,27.770467429310518,0.0,0.0,25.81,31.62,23.981503309411906,0.0,0.0,0.0,0.0,29.677818300274133,0.0,0.0,0.0,0.0,0.0,0.0,0.0,0.0,0.0,0.0 
 07/21  07:30:00,27.987172984178677,0.0,0.0,25.81,31.62,24.23606038291159,0.0,0.0,0.0,0.0,30.838534498718754,0.0,0.0,0.0,0.0,0.0,0.0,0.0,0.0,0.0,0.0 
 07/21  07:40:00,28.163817305741038,0.0,0.0,25.81,31.620000000000005,24.47301044145926,0.0,0.0,0.0,0.0,31.918916908294964,0.0,0.0,0.0,0.0,0.0,0.0,0.0,0.0,0.0,0.0 
 07/21  07:50:00,28.42271828405,0.0,0.0,25.81,31.620000000000005,24.838572763235113,0.0,0.0,0.0,0.0,33.42507751452494,0.0,0.0,0.0,0.0,0.0,0.0,0.0,0.0,0.0,0.0 
 07/21  08:00:00,28.61513331350837,0.0,0.0,25.809999999999967,31.619999999999955,25.14875455333101,0.0,0.0,0.0,0.0,34.68989413798353,0.0,0.0,0.0,0.0,0.0,0.0,0.0,0.0,0.0,0.0 
 07/21  08:10:00,28.881796354580295,0.0,0.0,25.809999999999995,31.619999999999997,25.598547999172105,0.0,0.0,0.0,0.0,36.362290329567784,0.0,0.0,0.0,0.0,0.0,0.0,0.0,0.0,0.0,0.0 
 07/21  08:20:00,29.1149532742382,0.0,0.0,25.81,31.619999999999997,26.01081762328365,0.0,0.0,0.0,0.0,37.83791133652261,0.0,0.0,0.0,0.0,0.0,0.0,0.0,0.0,0.0,0.0 
 07/21  08:30:00,29.293647030139024,0.0,0.0,25.81,31.620000000000005,26.338952927492297,0.0,0.0,0.0,0.0,39.04518717367471,0.0,0.0,0.0,0.0,0.0,0.0,0.0,0.0,0.0,0.0 
 07/21  08:40:00,29.541543678229214,0.0,0.0,25.81,31.620000000000005,26.794750253030013,0.0,0.0,0.0,0.0,40.501871514801024,0.0,0.0,0.0,0.0,0.0,0.0,0.0,0.0,0.0,0.0 
 07/21  08:50:00,29.761496603410627,0.0,0.0,25.81,31.620000000000005,27.208756530917977,0.0,0.0,0.0,0.0,41.69684576335602,0.0,0.0,0.0,0.0,0.0,0.0,0.0,0.0,0.0,0.0 
 07/21  09:00:00,29.93173199735373,0.0,0.0,25.81,31.62,27.53925157142385,0.0,0.0,0.0,0.0,42.61245661343782,0.0,0.0,0.0,0.0,0.0,0.0,0.0,0.0,0.0,0.0 
 07/21  09:10:00,30.174161153193857,0.0,0.0,25.81,31.62,27.988020939403267,0.0,0.0,0.0,0.0,43.66264376258244,0.0,0.0,0.0,0.0,0.0,0.0,0.0,0.0,0.0,0.0 
 07/21  09:20:00,30.404652709712146,0.0,0.0,25.81,31.62,28.398968362425816,0.0,0.0,0.0,0.0,44.542052867707106,0.0,0.0,0.0,0.0,0.0,0.0,0.0,0.0,0.0,0.0 
 07/21  09:30:00,30.59219215496462,0.0,0.0,25.809999999999988,31.619999999999987,28.736338012730993,0.0,0.0,0.0,0.0,45.26694827816446,0.0,0.0,0.0,0.0,0.0,0.0,0.0,0.0,0.0,0.0 
 07/21  09:40:00,30.845213014988857,0.0,0.0,25.81000000000001,31.62000000000001,29.165234363177646,0.0,0.0,0.0,0.0,46.115334300294016,0.0,0.0,0.0,0.0,0.0,0.0,0.0,0.0,0.0,0.0 
 07/21  09:50:00,31.08078363305004,0.0,0.0,25.810000000000016,31.620000000000026,29.552336847725194,0.0,0.0,0.0,0.0,46.90802105337205,0.0,0.0,0.0,0.0,0.0,0.0,0.0,0.0,0.0,0.0 
 07/21  10:00:00,31.30654503501833,0.0,0.0,25.810000000000016,31.620000000000026,29.926421998044713,0.0,0.0,0.0,0.0,47.725618149572014,0.0,0.0,0.0,0.0,0.0,0.0,0.0,0.0,0.0,0.0 
 07/21  10:10:00,31.500948810170517,0.0,0.0,25.809999999999995,31.619999999999997,30.262966050536,0.0,0.0,0.0,0.0,48.52848088946013,0.0,0.0,0.0,0.0,0.0,0.0,0.0,0.0,0.0,0.0 
 07/21  10:20:00,31.035962937319567,0.0,2038424.6187870202,25.809999999999995,30.953333333333333,30.563517397971005,0.0,0.0,0.0,0.0,49.27170184525997,0.0,0.0,0.0,0.0,3107473.798405528,0.0,0.0,0.341539362632707,0.21496576730830685,0.9999999999999998 
 07/21  10:30:00,29.93866925399759,0.0,1319744.3036997102,25.81,30.820000000000004,30.80524115877734,0.0,0.0,0.0,0.0,49.872928339564965,0.0,0.0,0.0,0.0,2008936.6102014282,0.0,0.0,0.2,0.2,0.4 
 07/21  10:40:00,30.57991752983046,0.0,0.0,25.810000000000016,31.620000000000026,31.062974800420275,0.0,0.0,0.0,0.0,50.43161969619374,0.0,0.0,0.0,0.0,0.0,0.0,0.0,0.0,0.0,0.0 
 07/21  10:50:00,31.184593359753855,0.0,0.0,25.81,31.62,31.315290154178875,0.0,0.0,0.0,0.0,50.85856232605228,0.0,0.0,0.0,0.0,0.0,0.0,0.0,0.0,0.0,0.0 
 07/21  11:00:00,31.558349522205646,0.0,159347.26719429778,25.81,31.62,31.5635650667357,0.0,0.0,0.0,0.0,51.16662882429138,0.0,0.0,0.0,0.0,197136.74577011232,0.0,0.0,0.02631514712719464,0.0,0.5 
 07/21  11:10:00,30.075988853125352,0.0,1606055.3088090026,25.809999999999995,30.619999999999997,31.815833384798914,0.0,0.0,0.0,0.0,51.343077095498714,0.0,0.0,0.0,0.0,2282429.9271678524,0.0,0.0,0.24998593165129404,0.16666666666666666,0.5 
 07/21  11:20:00,30.346793412349133,0.0,0.0,25.81,31.62,32.107569098705014,0.0,0.0,0.0,0.0,51.47783143601685,0.0,0.0,0.0,0.0,0.0,0.0,0.0,0.0,0.0,0.0 
 07/21  11:30:00,31.202651416167658,0.0,125235.47445551876,25.81,31.62,32.35889598327711,0.0,0.0,0.0,0.0,51.563633106764044,0.0,0.0,0.0,0.0,150669.14305442656,0.0,0.0,0.020436742203147725,0.0,0.25 
 07/21  11:40:00,30.118973111919892,0.0,1461561.1459370218,25.81,30.820000000000004,32.59016704430549,0.0,0.0,0.0,0.0,51.66816662550397,0.0,0.0,0.0,0.0,2076562.525476093,0.0,0.0,0.21585364563290121,0.2,0.6000000000000001 
 07/21  11:50:00,30.984571110326016,0.0,0.0,25.81,31.62,32.84289630276561,0.0,0.0,0.0,0.0,51.86436652893133,0.0,0.0,0.0,0.0,0.0,0.0,0.0,0.0,0.0,0.0 
 07/21  12:00:00,30.98167332490399,0.0,2518671.628589177,25.810000000000016,30.953333333333358,33.09617094714261,0.0,0.0,0.0,0.0,52.15752638773439,0.0,0.0,0.0,0.0,3597750.3477789094,0.0,0.0,0.3799562605605015,0.3333333333333336,1.0000000000000009 
 07/21  12:10:00,30.26861073222918,0.0,1475046.5801183814,25.81,30.820000000000004,33.29841224215234,0.0,0.0,0.0,0.0,52.407140943313905,0.0,0.0,0.0,0.0,2065716.3036806325,0.0,0.0,0.21842291258049362,0.2,0.6000000000000001 
 07/21  12:20:00,31.181018513909557,0.0,297733.4462184766,25.809999999999995,31.619999999999997,33.47733619392861,0.0,0.0,0.0,0.0,52.505327915442905,0.0,0.0,0.0,0.0,346015.6180991998,0.0,0.0,0.04791812922042004,0.0,0.3333333333333332 
 07/21  12:30:00,30.234417922951526,0.0,1663443.8999844566,25.81,30.820000000000004,33.62084605931919,0.0,0.0,0.0,0.0,52.41622552924984,0.0,0.0,0.0,0.0,2274659.293167412,0.0,0.0,0.2482500374720373,0.2,0.6000000000000001 
 07/21  12:40:00,31.22554210002658,0.0,530430.4099985656,25.810000000000016,31.620000000000026,33.73486171059892,0.0,0.0,0.0,0.0,52.15513958118653,0.0,0.0,0.0,0.0,615104.2311465043,0.0,0.0,0.08529818009313321,0.0,0.3333333333333336 
 07/21  12:50:00,30.271010209225715,0.0,1776325.6779844435,25.81,30.820000000000004,33.81133553224475,0.0,0.0,0.0,0.0,51.72643789605911,0.0,0.0,0.0,0.0,2398805.978962054,0.0,0.0,0.266488286483201,0.2,0.6000000000000001 
 07/21  13:00:00,31.293342952562952,0.0,718238.8509918049,25.810000000000016,31.620000000000026,33.858462323806066,0.0,0.0,0.0,0.0,51.1625966084394,0.0,0.0,0.0,0.0,832507.5243961537,0.0,0.0,0.11550270642732824,0.0,0.3333333333333336 
 07/21  13:10:00,30.123646966505753,0.0,2181112.0200078855,25.81,30.420000000000005,33.87683370618173,0.0,0.0,0.0,0.0,50.53703515798171,0.0,0.0,0.0,0.0,2885842.3490365567,0.0,0.0,0.3363360060020619,0.2,0.8 
 07/21  13:20:00,30.95138310031107,0.0,2152840.254958349,25.81,31.12,33.875324852355035,0.0,0.0,0.0,0.0,49.89008788695724,0.0,0.0,0.0,0.0,2845044.230997925,0.0,0.0,0.31037259122870786,0.25,0.75 
 07/21  13:30:00,30.203021195427738,0.0,1076524.610997025,25.81,30.62,33.85870773262368,0.0,0.0,0.0,0.0,49.11619837444443,0.0,0.0,0.0,0.0,1362826.6869284578,0.0,0.0,0.1932539204700655,0.0,0.5 
 07/21  13:40:00,30.304695339733108,0.0,3184252.2998794895,25.81,30.12,33.825726132784965,0.0,0.0,0.0,0.0,48.35094562913564,0.0,0.0,0.0,0.0,4079945.0578015205,0.0,0.0,0.4895208394414544,0.25,1.25 
 07/21  13:50:00,30.796442203610244,0.0,2565119.5983934742,25.81,30.82,33.77771606287748,0.0,0.0,0.0,0.0,47.500399206757116,0.0,0.0,0.0,0.0,3284155.9119902547,0.0,0.0,0.39290563223039027,0.2,0.8 
 07/21  14:00:00,30.228241086660294,0.0,1869555.1331325686,25.81,30.62,33.70488613025696,0.0,0.0,0.0,0.0,46.43283589898462,0.0,0.0,0.0,0.0,2518517.853432736,0.0,0.0,0.27488064433626447,0.23906382236805698,0.75 
 07/21  14:10:00,30.73604742570963,0.0,2338887.286729206,25.81,30.82,33.56274469329975,0.0,0.0,0.0,0.0,45.222950928351175,0.0,0.0,0.0,0.0,2995197.0725682112,0.0,0.0,0.352761344564707,0.2,0.8 
 07/21  14:20:00,30.6453371366128,0.0,1662158.5908845887,25.81,30.820000000000004,33.33001244073087,0.0,0.0,0.0,0.0,43.632839638683556,0.0,0.0,0.0,0.0,2139742.1467440203,0.0,0.0,0.2311802254229743,0.2,0.8 
 07/21  14:30:00,30.491669198870472,0.0,1299043.5718681302,25.810000000000016,30.953333333333354,33.12028934525395,0.0,0.0,0.0,0.0,42.408418761446406,0.0,0.0,0.0,0.0,1708651.4932500932,0.0,0.0,0.18449460245015317,0.1666666666666668,0.6666666666666672 
 07/21  14:40:00,30.337827478784074,0.0,1253359.0792347104,25.81,30.820000000000004,32.87407475779951,0.0,0.0,0.0,0.0,41.15989508269938,0.0,0.0,0.0,0.0,1562222.3533726013,0.0,0.0,0.2077161899511975,0.04135874626351088,0.6000000000000001 
 07/21  14:50:00,30.29585415995503,0.0,2501413.3521073884,25.81,30.42,32.52270621498573,0.0,0.0,0.0,0.0,39.62940838381179,0.0,0.0,0.0,0.0,3103025.4462107685,0.0,0.0,0.3686884524962509,0.2,1.0 
 07/21  15:00:00,30.80762152533132,0.0,2308113.8904503947,25.81,30.82,32.22183267283938,0.0,0.0,0.0,0.0,38.457937286089546,0.0,0.0,0.0,0.0,2849380.412116267,0.0,0.0,0.33273963137941187,0.2,0.8 
 07/21  15:10:00,30.162783692584632,0.0,1695543.4927414584,25.81,30.62,32.05024225324549,0.0,0.0,0.0,0.0,37.635102054267094,0.0,0.0,0.0,0.0,2135819.6779726734,0.0,0.0,0.2561116027071733,0.136779608283795,0.75 
 07/21  15:20:00,31.174085610782903,0.0,361374.6435098743,25.809999999999995,31.619999999999997,31.90491787930945,0.0,0.0,0.0,0.0,36.87495215407064,0.0,0.0,0.0,0.0,384569.7882979646,0.0,0.0,0.054500428300306686,0.0,0.3333333333333332 
 07/21  15:30:00,30.26353512231185,0.0,1652921.8865333619,25.81,30.820000000000004,31.78558965754141,0.0,0.0,0.0,0.0,36.216444854779525,0.0,0.0,0.0,0.0,2085417.6423095767,0.0,0.0,0.2267688231608327,0.2,0.6000000000000001 
 07/21  15:40:00,31.20674388555235,0.0,402950.39618141245,25.810000000000016,31.620000000000026,31.67215046002738,0.0,0.0,0.0,0.0,35.58223655379368,0.0,0.0,0.0,0.0,426036.7540272705,0.0,0.0,0.06047341544631765,0.0,0.3333333333333336 
 07/21  15:50:00,30.248640250282975,0.0,1636676.5750020267,25.81,30.820000000000004,31.565622311350985,0.0,0.0,0.0,0.0,34.98523053687384,0.0,0.0,0.0,0.0,2052882.9538655914,0.0,0.0,0.22247370598522956,0.2,0.6000000000000001 
 07/21  16:00:00,31.165343090813835,0.0,283252.955604752,25.810000000000016,31.620000000000026,31.458584489115488,0.0,0.0,0.0,0.0,34.36595174036429,0.0,0.0,0.0,0.0,297043.9249894255,0.0,0.0,0.04224655003767835,0.0,0.3333333333333336 
 07/21  16:10:00,30.211136667858792,0.0,1512933.8495490893,25.81,30.820000000000004,31.296408317975636,0.0,0.0,0.0,0.0,33.69459004382996,0.0,0.0,0.0,0.0,1910654.1600723036,0.0,0.0,0.20132358781545628,0.2,0.6000000000000001 
 07/21  16:20:00,31.05339822126627,0.0,0.0,25.809999999999995,31.619999999999997,31.09086787343695,0.0,0.0,0.0,0.0,32.90060133198194,0.0,0.0,0.0,0.0,0.0,0.0,0.0,0.0,0.0,0.0 
 07/21  16:30:00,31.118108761882326,0.0,1919724.2729963562,25.81,31.12,30.856303392181797,0.0,0.0,0.0,0.0,32.03863211000634,0.0,0.0,0.0,0.0,2520393.076718255,0.0,0.0,0.2618133878624435,0.25,0.75 
 07/21  16:40:00,29.99979506554978,0.0,1483341.2940124425,25.81,30.820000000000004,30.611791318899854,0.0,0.0,0.0,0.0,31.110306662114443,0.0,0.0,0.0,0.0,1940588.854756637,0.0,0.0,0.2,0.2,0.4 
 07/21  16:50:00,30.644592807375332,0.0,0.0,25.81,31.62,30.357550949443464,0.0,0.0,0.0,0.0,30.184202767474236,0.0,0.0,0.0,0.0,0.0,0.0,0.0,0.0,0.0,0.0 
 07/21  17:00:00,31.35229028313867,0.0,0.0,25.81,31.62,30.042223874060277,0.0,0.0,0.0,0.0,29.060340868258706,0.0,0.0,0.0,0.0,0.0,0.0,0.0,0.0,0.0,0.0 
 07/21  17:10:00,31.469959939163232,0.0,0.0,25.809999999999995,31.619999999999997,29.85481430267499,0.0,0.0,0.0,0.0,28.399342216026966,0.0,0.0,0.0,0.0,0.0,0.0,0.0,0.0,0.0,0.0 
 07/21  17:20:00,31.43901470874839,0.0,0.0,25.809999999999995,31.619999999999997,29.66548805933273,0.0,0.0,0.0,0.0,27.69431394438437,0.0,0.0,0.0,0.0,0.0,0.0,0.0,0.0,0.0,0.0 
 07/21  17:30:00,31.405532516309872,0.0,0.0,25.81,31.62,29.521634195453757,0.0,0.0,0.0,0.0,27.212935681810784,0.0,0.0,0.0,0.0,0.0,0.0,0.0,0.0,0.0,0.0 
 07/21  17:40:00,31.368194142222027,0.0,0.0,25.81,31.62,29.370431581867752,0.0,0.0,0.0,0.0,26.741289953787646,0.0,0.0,0.0,0.0,0.0,0.0,0.0,0.0,0.0,0.0 
 07/21  17:50:00,31.33927889824303,0.0,0.0,25.81,31.62,29.24088820495332,0.0,0.0,0.0,0.0,26.395730310964677,0.0,0.0,0.0,0.0,0.0,0.0,0.0,0.0,0.0,0.0 
 07/21  18:00:00,31.3181163251232,0.0,0.0,25.81,31.62,29.122870496852265,0.0,0.0,0.0,0.0,26.12386360138943,0.0,0.0,0.0,0.0,0.0,0.0,0.0,0.0,0.0,0.0 
 07/21  18:10:00,31.317107304817874,0.0,0.0,25.81,31.62,29.0338659850827,0.0,0.0,0.0,0.0,25.89742177949745,0.0,0.0,0.0,0.0,0.0,0.0,0.0,0.0,0.0,0.0 
 07/21  18:20:00,31.33006402779961,0.0,0.0,25.81,31.62,28.967262145373258,0.0,0.0,0.0,0.0,25.699015790737025,0.0,0.0,0.0,0.0,0.0,0.0,0.0,0.0,0.0,0.0 
 07/21  18:30:00,31.356649341682594,0.0,0.0,25.81,31.62,28.91486792867515,0.0,0.0,0.0,0.0,25.521041256360757,0.0,0.0,0.0,0.0,0.0,0.0,0.0,0.0,0.0,0.0 
 07/21  18:40:00,31.364303760006933,0.0,0.0,25.81,31.62,28.857931191297137,0.0,0.0,0.0,0.0,25.342080129555825,0.0,0.0,0.0,0.0,0.0,0.0,0.0,0.0,0.0,0.0 
 07/21  18:50:00,31.32602490201575,0.0,0.0,25.81,31.62,28.78101090080968,0.0,0.0,0.0,0.0,25.12037991783821,0.0,0.0,0.0,0.0,0.0,0.0,0.0,0.0,0.0,0.0 
 07/21  19:00:00,31.253744642613185,0.0,0.0,25.81,31.62,28.688698879710756,0.0,0.0,0.0,0.0,24.842270187944745,0.0,0.0,0.0,0.0,0.0,0.0,0.0,0.0,0.0,0.0 
 07/21  19:10:00,31.12116473986275,0.0,0.0,25.81,31.62,28.545010881541366,0.0,0.0,0.0,0.0,24.50638909621658,0.0,0.0,0.0,0.0,0.0,0.0,0.0,0.0,0.0,0.0 
 07/21  19:20:00,30.923204629037592,0.0,0.0,25.81,31.62,28.348267881540956,0.0,0.0,0.0,0.0,24.007360026648186,0.0,0.0,0.0,0.0,0.0,0.0,0.0,0.0,0.0,0.0 
 07/21  19:30:00,30.751303396913507,0.0,0.0,25.81,31.62,28.174252267879872,0.0,0.0,0.0,0.0,23.513187737685563,0.0,0.0,0.0,0.0,0.0,0.0,0.0,0.0,0.0,0.0 
 07/21  19:40:00,30.603690370828907,0.0,0.0,25.81,31.62,28.009220112262465,0.0,0.0,0.0,0.0,23.07958591225114,0.0,0.0,0.0,0.0,0.0,0.0,0.0,0.0,0.0,0.0 
 07/21  19:50:00,30.46451944515291,0.0,0.0,25.81,31.62,27.843967873977334,0.0,0.0,0.0,0.0,22.719424039148812,0.0,0.0,0.0,0.0,0.0,0.0,0.0,0.0,0.0,0.0 
 07/21  20:00:00,30.328851626715178,0.0,0.0,25.81,31.62,27.68114341895142,0.0,0.0,0.0,0.0,22.417538872802673,0.0,0.0,0.0,0.0,0.0,0.0,0.0,0.0,0.0,0.0 
 07/21  20:10:00,30.199172818384778,0.0,0.0,25.81,31.62,27.52565134931779,0.0,0.0,0.0,0.0,22.16134243609099,0.0,0.0,0.0,0.0,0.0,0.0,0.0,0.0,0.0,0.0 
 07/21  20:20:00,30.073542229885835,0.0,0.0,25.81,31.62,27.375063402797633,0.0,0.0,0.0,0.0,21.941712805655754,0.0,0.0,0.0,0.0,0.0,0.0,0.0,0.0,0.0,0.0 
 07/21  20:30:00,29.95215255523549,0.0,0.0,25.81,31.62,27.23177184249917,0.0,0.0,0.0,0.0,21.758532542302042,0.0,0.0,0.0,0.0,0.0,0.0,0.0,0.0,0.0,0.0 
 07/21  20:40:00,29.8331396241371,0.0,0.0,25.81,31.62,27.093592404590492,0.0,0.0,0.0,0.0,21.602872910370394,0.0,0.0,0.0,0.0,0.0,0.0,0.0,0.0,0.0,0.0 
 07/21  20:50:00,29.714834676893272,0.0,0.0,25.81,31.62,26.957840557438843,0.0,0.0,0.0,0.0,21.464684070504553,0.0,0.0,0.0,0.0,0.0,0.0,0.0,0.0,0.0,0.0 
 07/21  21:00:00,29.59656919677617,0.0,0.0,25.81,31.62,26.823551491058954,0.0,0.0,0.0,0.0,21.33785034953679,0.0,0.0,0.0,0.0,0.0,0.0,0.0,0.0,0.0,0.0 
 07/21  21:10:00,29.48854786397846,0.0,0.0,25.81,31.62,26.699876397205312,0.0,0.0,0.0,0.0,21.22272890682912,0.0,0.0,0.0,0.0,0.0,0.0,0.0,0.0,0.0,0.0 
 07/21  21:20:00,29.39069950322185,0.0,0.0,25.81,31.62,26.585502996960038,0.0,0.0,0.0,0.0,21.116935978625754,0.0,0.0,0.0,0.0,0.0,0.0,0.0,0.0,0.0,0.0 
 07/21  21:30:00,29.297912847597853,0.0,0.0,25.81,31.62,26.474988452099357,0.0,0.0,0.0,0.0,21.016851525893625,0.0,0.0,0.0,0.0,0.0,0.0,0.0,0.0,0.0,0.0 
 07/21  21:40:00,29.206526143243945,0.0,0.0,25.81,31.62,26.365205419168753,0.0,0.0,0.0,0.0,20.919651356057482,0.0,0.0,0.0,0.0,0.0,0.0,0.0,0.0,0.0,0.0 
 07/21  21:50:00,29.11550404495196,0.0,0.0,25.81,31.62,26.255812227452875,0.0,0.0,0.0,0.0,20.823000364612078,0.0,0.0,0.0,0.0,0.0,0.0,0.0,0.0,0.0,0.0 
 07/21  22:00:00,29.025033195403875,0.0,0.0,25.81,31.62,26.147152223611997,0.0,0.0,0.0,0.0,20.724934084283305,0.0,0.0,0.0,0.0,0.0,0.0,0.0,0.0,0.0,0.0 
 07/21  22:10:00,28.92989648898501,0.0,0.0,25.81,31.62,26.040627613525217,0.0,0.0,0.0,0.0,20.63532908149929,0.0,0.0,0.0,0.0,0.0,0.0,0.0,0.0,0.0,0.0 
 07/21  22:20:00,28.830309178062183,0.0,0.0,25.81,31.62,25.937392467337947,0.0,0.0,0.0,0.0,20.570863346509704,0.0,0.0,0.0,0.0,0.0,0.0,0.0,0.0,0.0,0.0 
 07/21  22:30:00,28.729052097613113,0.0,0.0,25.81,31.62,25.837992822210598,0.0,0.0,0.0,0.0,20.537973267879124,0.0,0.0,0.0,0.0,0.0,0.0,0.0,0.0,0.0,0.0 
 07/21  22:40:00,28.628130383386086,0.0,0.0,25.81,31.62,25.74273596545884,0.0,0.0,0.0,0.0,20.531498801238786,0.0,0.0,0.0,0.0,0.0,0.0,0.0,0.0,0.0,0.0 
 07/21  22:50:00,28.528163516423277,0.0,0.0,25.81,31.62,25.65175879987076,0.0,0.0,0.0,0.0,20.54310251179877,0.0,0.0,0.0,0.0,0.0,0.0,0.0,0.0,0.0,0.0 
 07/21  23:00:00,28.42911387467784,0.0,0.0,25.81,31.62,25.564943420011076,0.0,0.0,0.0,0.0,20.56666569361642,0.0,0.0,0.0,0.0,0.0,0.0,0.0,0.0,0.0,0.0 
 07/21  23:10:00,28.317477707116367,0.0,0.0,25.81,31.62,25.44938842682633,0.0,0.0,0.0,0.0,20.561415175997745,0.0,0.0,0.0,0.0,0.0,0.0,0.0,0.0,0.0,0.0 
 07/21  23:20:00,28.193255664788147,0.0,0.0,25.81,31.62,25.30683143625634,0.0,0.0,0.0,0.0,20.48228070430394,0.0,0.0,0.0,0.0,0.0,0.0,0.0,0.0,0.0,0.0 
 07/21  23:30:00,28.06344333343321,0.0,0.0,25.81,31.62,25.152137755721874,0.0,0.0,0.0,0.0,20.310815795333905,0.0,0.0,0.0,0.0,0.0,0.0,0.0,0.0,0.0,0.0 
 07/21  23:40:00,27.933355427316673,0.0,0.0,25.81,31.62,24.991674793516985,0.0,0.0,0.0,0.0,20.053166211637155,0.0,0.0,0.0,0.0,0.0,0.0,0.0,0.0,0.0,0.0 
 07/21  23:50:00,27.821948985380896,0.0,0.0,25.81,31.62,24.837800030262457,0.0,0.0,0.0,0.0,19.753880865509295,0.0,0.0,0.0,0.0,0.0,0.0,0.0,0.0,0.0,0.0 
 07/21  24:00:00,27.68468134995019,0.0,0.0,25.81,31.62,24.64652505420036,0.0,0.0,0.0,0.0,19.31834971898752,0.0,0.0,0.0,0.0,0.0,0.0,0.0,0.0,0.0,0.0 
